{"cameraMode":{"drawMode":0,"name":"Shaded","section":"Shading Mode"},"sceneLighting":false,"audioPlay":false,"sceneViewState":{"showFog":true,"showMaterialUpdate":false,"showSkybox":false,"showFlares":true,"showImageEffects":true,"showParticleSystems":true},"in2DMode":false,"pivot":{"x":1.3192873001098633,"y":1.3853721618652344,"z":2.4053993225097658},"rotation":{"x":0.23495200276374818,"y":-0.32423362135887148,"z":0.08348558843135834,"w":0.9125354290008545},"size":10.0,"orthographic":false}