{"cameraMode":{"drawMode":0,"name":"Shaded","section":"Shading Mode"},"sceneLighting":true,"audioPlay":false,"sceneViewState":{"showFog":true,"showMaterialUpdate":false,"showSkybox":true,"showFlares":true,"showImageEffects":true,"showParticleSystems":true},"in2DMode":false,"pivot":{"x":61.17329406738281,"y":-11.16700267791748,"z":39.04014205932617},"rotation":{"x":-0.07133245468139649,"y":-0.4766073226928711,"z":0.03883815184235573,"w":-0.8753589391708374},"size":38.606258392333987,"orthographic":false}